time,values
2021-8-14 15:54:40,125
2021-8-7 3:59:40,125
2021-8-8 22:59:40,125
2021-8-10 10:59:40,125
2021-8-7 13:39:40,124.8
2021-8-8 9:24:40,124.8
2021-8-9 12:44:40,124.8
2021-8-13 11:14:40,124.6
2021-8-6 22:54:40,124.2
2021-8-7 5:9:40,124.2
2021-8-13 22:9:40,124.2
2021-8-9 5:44:40,124
2021-8-11 1:34:40,124
2021-8-12 18:59:40,124
2021-8-12 16:29:40,123.8
2021-8-6 22:59:40,123.6
2021-8-7 21:14:40,123.6
2021-8-12 13:4:40,123.6
2021-8-12 13:24:40,123.4
2021-8-6 19:39:40,123.2
2021-8-9 1:39:40,123.2
2021-8-7 4:54:40,123
2021-8-7 10:14:40,123
2021-8-10 15:49:40,123
2021-8-12 11:59:40,123
2021-8-13 11:49:40,123
2021-8-13 17:39:40,123
2021-8-8 1:39:40,122.8
2021-8-10 15:4:40,122.8
2021-8-11 11:19:40,122.8
2021-8-13 18:39:40,122.8
2021-8-8 4:49:40,122.6
2021-8-13 19:24:40,122.6
2021-8-13 20:14:40,122.6
2021-8-14 6:49:40,122.6
2021-8-11 6:9:40,122.4
2021-8-9 21:54:40,122
2021-8-9 24:24:40,122
2021-8-13 22:39:40,122
2021-8-7 16:34:40,121.8
2021-8-9 10:4:40,121.8
2021-8-11 13:4:40,121.8
2021-8-14 11:59:40,121.8
2021-8-7 16:4:40,121.6
2021-8-12 20:39:40,121.6
2021-8-13 17:14:40,121.4
2021-8-6 18:54:40,121.2
2021-8-7 14:9:40,121.2
2021-8-12 16:24:40,121.2
2021-8-6 20:19:40,121
2021-8-6 22:14:40,121
2021-8-8 2:59:40,121
2021-8-8 18:44:40,121
2021-8-9 4:59:40,121
2021-8-9 16:44:40,121
2021-8-11 22:4:40,121
2021-8-13 12:19:40,120.8
2021-8-11 8:34:40,120.6
2021-8-11 18:59:40,120.6
2021-8-11 3:39:40,120.4
2021-8-7 18:34:40,120.2
2021-8-8 18:59:40,120.2
2021-8-9 17:19:40,120.2
2021-8-10 11:54:40,120.2
2021-8-14 2:29:40,120.2
2021-8-7 1:9:40,120
2021-8-7 1:24:40,120
2021-8-8 8:24:40,120
2021-8-9 19:49:40,120
2021-8-12 22:14:40,120
2021-8-8 9:19:40,119.8
2021-8-8 11:19:40,119.8
2021-8-10 7:9:40,119.8
2021-8-8 1:24:40,119.6
2021-8-10 21:9:40,119.6
2021-8-12 2:59:40,119.6
2021-8-7 20:19:40,119.4
2021-8-10 23:19:40,119.4
2021-8-10 23:34:40,119.4
2021-8-14 1:54:40,119.4
2021-8-6 18:49:40,119.2
2021-8-14 1:19:40,119.2
2021-8-9 3:34:40,119
2021-8-11 4:24:40,119
2021-8-8 16:39:40,118.8
2021-8-10 17:14:40,118.8
2021-8-10 17:54:40,118.8
2021-8-12 12:39:40,118.8
2021-8-7 24:49:40,118.6
2021-8-11 21:4:40,118.6
2021-8-13 11:4:40,118.6
2021-8-8 2:34:40,118.4
2021-8-13 24:44:40,118.4
2021-8-7 8:4:40,118.2
2021-8-8 17:4:40,118.2
2021-8-14 7:14:40,118.2
2021-8-8 6:39:40,118
2021-8-8 9:39:40,118
2021-8-9 5:9:40,118
2021-8-10 12:34:40,118
2021-8-10 13:29:40,117.8
2021-8-10 18:54:40,117.8
2021-8-14 8:14:40,117.8
2021-8-14 11:19:40,117.8
2021-8-7 14:44:40,117.6
2021-8-9 16:14:40,117.6
2021-8-12 2:54:40,117.6
2021-8-12 10:54:40,117.6
2021-8-12 14:39:40,117.6
2021-8-6 17:9:40,117.4
2021-8-7 11:44:40,117.2
2021-8-12 8:9:40,117.2
2021-8-6 16:59:40,117
2021-8-7 5:34:40,117
2021-8-8 1:19:40,117
2021-8-8 13:29:40,117
2021-8-10 8:24:40,117
2021-8-7 15:59:40,116.8
2021-8-13 20:19:40,116.8
2021-8-14 14:59:40,116.8
2021-8-6 20:39:40,116.6
2021-8-13 7:49:40,116.6
2021-8-13 7:54:40,116.6
2021-8-6 16:29:40,116.4
2021-8-7 21:49:40,116.4
2021-8-8 8:19:40,116.4
2021-8-7 23:39:40,116.2
2021-8-8 15:29:40,116.2
2021-8-14 5:29:40,116.2
2021-8-8 3:49:40,116
2021-8-8 18:19:40,116
2021-8-8 18:39:40,116
2021-8-10 2:24:40,116
2021-8-10 14:24:40,116
2021-8-14 5:24:40,116
2021-8-10 14:39:40,115.8
2021-8-13 6:59:40,115.6
2021-8-8 24:54:40,115.4
2021-8-12 13:54:40,115.4
2021-8-12 22:29:40,115.4
2021-8-13 9:4:40,115.4
2021-8-14 13:4:40,115.2
2021-8-7 17:14:40,115
2021-8-10 9:59:40,115
2021-8-11 9:44:40,115
2021-8-11 15:29:40,115
2021-8-11 15:34:40,115
2021-8-13 14:49:40,115
2021-8-11 8:39:40,114.8
2021-8-13 1:29:40,114.8
2021-8-14 7:44:40,114.8
2021-8-8 12:59:40,114.6
2021-8-10 8:54:40,114.6
2021-8-7 11:19:40,114.4
2021-8-8 2:54:40,114.4
2021-8-10 15:19:40,114.4
2021-8-11 16:29:40,114.4
2021-8-9 16:29:40,114.2
2021-8-9 17:54:40,114.2
2021-8-11 20:54:40,114.2
2021-8-6 24:29:40,114
2021-8-7 7:29:40,114
2021-8-7 13:4:40,114
2021-8-7 18:9:40,114
2021-8-8 1:44:40,114
2021-8-8 3:19:40,114
2021-8-10 6:34:40,114
2021-8-13 3:39:40,114
2021-8-12 18:49:40,113.8
2021-8-13 11:39:40,113.8
2021-8-6 16:24:40,113.6
2021-8-6 18:44:40,113.6
2021-8-8 3:29:40,113.6
2021-8-10 11:24:40,113.6
2021-8-13 20:4:40,113.6
2021-8-8 8:4:40,113.4
2021-8-10 19:39:40,113.2
2021-8-11 5:59:40,113.2
2021-8-8 8:54:40,113
2021-8-9 11:54:40,113
2021-8-11 5:34:40,113
2021-8-11 7:29:40,113
2021-8-13 22:59:40,113
2021-8-12 14:14:40,112.8
2021-8-9 19:44:40,112.4
2021-8-13 3:49:40,112.4
2021-8-7 15:54:40,112.2
2021-8-14 1:14:40,112.2
2021-8-7 4:39:40,112
2021-8-7 21:39:40,112
2021-8-8 22:49:40,112
2021-8-8 24:39:40,112
2021-8-10 20:4:40,112
2021-8-14 13:54:40,112
2021-8-7 15:14:40,111.8
2021-8-13 4:14:40,111.8
2021-8-13 4:24:40,111.8
2021-8-11 9:54:40,111.6
2021-8-14 3:39:40,111.6
2021-8-9 4:19:40,111.4
2021-8-10 7:39:40,111.4
2021-8-10 17:49:40,111.4
2021-8-12 6:59:40,111.4
2021-8-13 8:54:40,111.4
2021-8-7 7:39:40,111
2021-8-10 13:49:40,111
2021-8-12 18:29:40,111
2021-8-7 11:54:40,110.8
2021-8-14 5:49:40,110.8
2021-8-7 2:59:40,110.6
2021-8-12 11:19:40,110.6
2021-8-13 20:44:40,110.6
2021-8-7 10:29:40,110.4
2021-8-7 13:29:40,110.4
2021-8-9 5:29:40,110.2
2021-8-12 23:34:40,110.2
2021-8-13 4:29:40,110.2
2021-8-14 9:39:40,110.2
2021-8-6 16:14:40,110
2021-8-8 3:44:40,110
2021-8-8 13:14:40,110
2021-8-9 14:19:40,110
2021-8-10 8:34:40,110
2021-8-10 18:4:40,110
2021-8-11 24:14:40,110
2021-8-7 14:24:40,109.8
2021-8-11 4:19:40,109.8
2021-8-12 24:14:40,109.8
2021-8-9 1:19:40,109.6
2021-8-9 12:9:40,109.6
2021-8-10 20:24:40,109.6
2021-8-13 18:9:40,109.6
2021-8-14 3:9:40,109.6
2021-8-9 19:54:40,109.4
2021-8-10 2:49:40,109.2
2021-8-11 7:34:40,109.2
2021-8-12 18:4:40,109.2
2021-8-7 10:24:40,109
2021-8-7 11:39:40,109
2021-8-7 22:19:40,109
2021-8-8 11:24:40,109
2021-8-8 23:4:40,109
2021-8-12 4:14:40,109
2021-8-12 8:49:40,109
2021-8-13 21:44:40,109
2021-8-14 13:14:40,109
2021-8-9 1:29:40,108.8
2021-8-11 20:39:40,108.6
2021-8-7 13:49:40,108.4
2021-8-7 14:34:40,108.4
2021-8-11 13:34:40,108.4
2021-8-12 15:39:40,108.4
2021-8-6 18:29:40,108
2021-8-8 11:14:40,108
2021-8-9 21:44:40,108
2021-8-11 13:29:40,108
2021-8-12 10:14:40,108
2021-8-13 7:14:40,108
2021-8-6 23:4:40,107.8
2021-8-7 13:54:40,107.8
2021-8-9 23:44:40,107.8
2021-8-10 16:19:40,107.8
2021-8-14 3:59:40,107.8
2021-8-6 23:59:40,107.6
2021-8-11 15:19:40,107.6
2021-8-12 9:59:40,107.6
2021-8-14 4:24:40,107.6
2021-8-7 4:44:40,107.4
2021-8-9 13:14:40,107.4
2021-8-11 11:44:40,107.4
2021-8-7 15:39:40,107.2
2021-8-9 5:14:40,107.2
2021-8-11 9:9:40,107.2
2021-8-9 21:24:40,107
2021-8-10 7:19:40,106.8
2021-8-10 16:59:40,106.8
2021-8-11 1:54:40,106.6
2021-8-12 11:39:40,106.6
2021-8-6 16:49:40,106.4
2021-8-8 12:24:40,106.2
2021-8-10 4:29:40,106.2
2021-8-11 13:49:40,106.2
2021-8-9 6:4:40,106
2021-8-9 11:34:40,106
2021-8-10 3:54:40,106
2021-8-11 21:49:40,106
2021-8-14 4:9:40,106
2021-8-14 6:14:40,106
2021-8-9 24:39:40,105.8
2021-8-13 1:44:40,105.8
2021-8-13 7:39:40,105.8
2021-8-12 4:54:40,105.6
2021-8-8 15:24:40,105.4
2021-8-9 8:14:40,105.4
2021-8-10 18:44:40,105.4
2021-8-13 18:54:40,105.4
2021-8-7 2:39:40,105.2
2021-8-8 16:49:40,105.2
2021-8-14 5:4:40,105.2
2021-8-11 3:54:40,105
2021-8-12 19:44:40,105
2021-8-12 6:54:40,104.8
2021-8-14 5:14:40,104.8
2021-8-14 12:24:40,104.8
2021-8-9 4:9:40,104.6
2021-8-11 4:39:40,104.6
2021-8-9 3:24:40,104.4
2021-8-10 18:19:40,104.2
2021-8-11 13:9:40,104.2
2021-8-6 22:34:40,104
2021-8-12 12:59:40,104
2021-8-12 19:29:40,104
2021-8-9 10:59:40,103.8
2021-8-11 20:9:40,103.8
2021-8-13 16:49:40,103.8
2021-8-7 9:34:40,103.4
2021-8-7 12:44:40,103.4
2021-8-13 8:14:40,103.4
2021-8-13 5:14:40,103.2
2021-8-14 10:24:40,103.2
2021-8-8 8:14:40,103
2021-8-9 13:4:40,103
2021-8-10 19:29:40,103
2021-8-12 12:54:40,103
2021-8-13 4:44:40,103
2021-8-9 14:24:40,102.8
2021-8-11 8:14:40,102.8
2021-8-7 16:9:40,102.6
2021-8-8 18:29:40,102.4
2021-8-10 1:14:40,102.4
2021-8-12 3:14:40,102.4
2021-8-8 6:9:40,102.2
2021-8-14 12:14:40,102.2
2021-8-11 17:19:40,102
2021-8-12 23:14:40,102
2021-8-13 1:39:40,102
2021-8-7 8:59:40,101.8
2021-8-8 22:34:40,101.8
2021-8-11 20:44:40,101.8
2021-8-11 21:59:40,101.8
2021-8-13 22:24:40,101.8
2021-8-7 15:29:40,101.6
2021-8-8 2:24:40,101.6
2021-8-9 10:9:40,101.4
2021-8-10 20:14:40,101.4
2021-8-7 12:4:40,101.2
2021-8-11 5:4:40,101.2
2021-8-11 23:24:40,101.2
2021-8-13 23:4:40,101.2
2021-8-6 20:4:40,101
2021-8-7 12:59:40,101
2021-8-7 23:49:40,101
2021-8-13 3:14:40,101
2021-8-13 12:24:40,100.8
2021-8-13 23:29:40,100.8
2021-8-7 13:44:40,100.6
2021-8-11 8:54:40,100.6
2021-8-11 16:49:40,100.6
2021-8-7 12:14:40,100.4
2021-8-11 4:14:40,100.4
2021-8-6 24:19:40,100.2
2021-8-8 22:39:40,100.2
2021-8-12 6:9:40,100.2
2021-8-7 14:19:40,100
2021-8-8 6:34:40,100
2021-8-9 9:4:40,100
2021-8-11 19:54:40,100
2021-8-8 24:44:40,99.6
2021-8-10 5:14:40,99.6
2021-8-11 18:29:40,99.6
2021-8-12 10:34:40,99.6
2021-8-12 12:24:40,99.6
2021-8-7 14:54:40,99.4
2021-8-8 21:54:40,99.4
2021-8-10 9:4:40,99.4
2021-8-10 14:29:40,99.4
2021-8-14 7:24:40,99.4
2021-8-7 6:49:40,99.2
2021-8-13 5:24:40,99.2
2021-8-6 19:34:40,99
2021-8-7 4:9:40,99
2021-8-7 11:59:40,99
2021-8-8 1:34:40,99
2021-8-8 15:54:40,99
2021-8-12 15:54:40,99
2021-8-13 11:34:40,99
2021-8-6 21:34:40,98.8
2021-8-12 9:14:40,98.8
2021-8-7 22:39:40,98.6
2021-8-10 7:24:40,98.6
2021-8-9 20:19:40,98.4
2021-8-9 22:39:40,98.4
2021-8-12 3:34:40,98.4
2021-8-8 16:44:40,98.2
2021-8-12 4:24:40,98.2
2021-8-7 22:9:40,98
2021-8-13 21:24:40,98
2021-8-13 23:9:40,98
2021-8-7 8:39:40,97.8
2021-8-7 4:24:40,97.6
2021-8-7 7:54:40,97.4
2021-8-9 23:4:40,97.4
2021-8-12 2:19:40,97.4
2021-8-13 7:4:40,97.4
2021-8-14 2:54:40,97.4
2021-8-8 15:4:40,97.2
2021-8-10 15:59:40,97.2
2021-8-12 2:14:40,97.2
2021-8-7 2:34:40,97
2021-8-8 10:19:40,97
2021-8-10 21:14:40,97
2021-8-11 6:4:40,97
2021-8-11 16:24:40,97
2021-8-12 12:19:40,97
2021-8-6 18:24:40,96.8
2021-8-8 2:39:40,96.8
2021-8-10 2:34:40,96.8
2021-8-11 10:34:40,96.8
2021-8-11 10:49:40,96.8
2021-8-13 15:19:40,96.8
2021-8-14 2:9:40,96.8
2021-8-10 21:29:40,96.6
2021-8-11 2:24:40,96.6
2021-8-9 19:9:40,96.4
2021-8-7 21:59:40,96
2021-8-10 7:14:40,96
2021-8-10 9:19:40,96
2021-8-10 14:19:40,96
2021-8-10 19:24:40,96
2021-8-11 11:24:40,96
2021-8-13 23:54:40,96
2021-8-7 24:29:40,95.8
2021-8-9 3:14:40,95.8
2021-8-12 7:49:40,95.6
2021-8-12 13:29:40,95.6
2021-8-13 24:54:40,95.6
2021-8-6 22:29:40,95.4
2021-8-8 12:39:40,95.2
2021-8-8 20:54:40,95.2
2021-8-10 12:44:40,95.2
2021-8-12 21:34:40,95.2
2021-8-12 23:24:40,95.2
2021-8-12 24:24:40,95.2
2021-8-9 9:34:40,95
2021-8-13 5:34:40,95
2021-8-10 24:14:40,94.8
2021-8-11 8:44:40,94.8
2021-8-13 17:54:40,94.8
2021-8-10 24:19:40,94.6
2021-8-14 2:49:40,94.6
2021-8-6 23:54:40,94.4
2021-8-13 3:9:40,94.4
2021-8-13 9:29:40,94.4
2021-8-14 11:44:40,94.4
2021-8-8 9:54:40,94.2
2021-8-10 18:14:40,94.2
2021-8-13 23:19:40,94.2
2021-8-14 13:34:40,94.2
2021-8-8 23:19:40,94
2021-8-9 20:24:40,94
2021-8-10 10:39:40,94
2021-8-10 13:19:40,94
2021-8-12 5:14:40,94
2021-8-13 9:44:40,94
2021-8-7 10:54:40,93.8
2021-8-8 6:24:40,93.8
2021-8-8 7:54:40,93.8
2021-8-12 1:44:40,93.6
2021-8-6 17:4:40,93.2
2021-8-12 13:14:40,93.2
2021-8-14 8:49:40,93.2
2021-8-14 13:9:40,93.2
2021-8-7 23:14:40,93
2021-8-6 17:54:40,92.8
2021-8-7 10:9:40,92.8
2021-8-12 15:19:40,92.8
2021-8-6 16:4:40,92.6
2021-8-10 8:39:40,92.6
2021-8-14 4:29:40,92.6
2021-8-11 2:44:40,92.4
2021-8-11 24:4:40,92.4
2021-8-9 18:9:40,92.2
2021-8-13 11:24:40,92.2
2021-8-7 3:24:40,92
2021-8-8 23:39:40,92
2021-8-9 23:29:40,92
2021-8-8 9:34:40,91.8
2021-8-11 19:49:40,91.8
2021-8-9 11:44:40,91.6
2021-8-7 3:34:40,91.4
2021-8-8 18:54:40,91.4
2021-8-10 6:44:40,91.4
2021-8-7 12:54:40,91.2
2021-8-7 16:29:40,91.2
2021-8-7 18:39:40,91.2
2021-8-10 14:14:40,91.2
2021-8-11 14:24:40,91.2
2021-8-11 20:24:40,91.2
2021-8-6 18:19:40,91
2021-8-7 6:44:40,91
2021-8-7 8:49:40,91
2021-8-11 12:59:40,91
2021-8-12 6:44:40,91
2021-8-6 19:4:40,90.8
2021-8-8 5:29:40,90.8
2021-8-13 19:54:40,90.8
2021-8-14 11:34:40,90.8
2021-8-8 10:9:40,90.6
2021-8-9 22:14:40,90.6
2021-8-10 24:49:40,90.6
2021-8-13 16:19:40,90.6
2021-8-6 19:54:40,90.4
2021-8-12 9:4:40,90.4
2021-8-6 17:24:40,90.2
2021-8-14 1:9:40,90.2
2021-8-14 9:14:40,90.2
2021-8-7 8:24:40,90
2021-8-7 17:4:40,90
2021-8-8 24:4:40,90
2021-8-9 14:14:40,90
2021-8-9 16:24:40,90
2021-8-11 20:14:40,90
2021-8-11 23:54:40,90
2021-8-12 1:54:40,90
2021-8-13 6:19:40,90
2021-8-13 18:19:40,90
2021-8-9 8:19:40,89.8
2021-8-9 21:14:40,89.6
2021-8-13 12:9:40,89.6
2021-8-8 11:39:40,89.4
2021-8-10 24:54:40,89.4
2021-8-11 21:24:40,89.4
2021-8-13 11:54:40,89.4
2021-8-13 21:34:40,89.4
2021-8-6 16:19:40,89.2
2021-8-9 12:19:40,89.2
2021-8-8 7:49:40,89
2021-8-9 11:24:40,89
2021-8-9 17:34:40,89
2021-8-9 20:9:40,89
2021-8-11 3:59:40,89
2021-8-11 6:24:40,89
2021-8-12 17:39:40,89
2021-8-13 4:59:40,89
2021-8-11 5:19:40,88.8
2021-8-11 13:54:40,88.8
2021-8-14 4:34:40,88.8
2021-8-14 6:54:40,88.8
2021-8-8 24:29:40,88.6
2021-8-10 10:29:40,88.4
2021-8-13 13:14:40,88.2
2021-8-6 24:59:40,88
2021-8-11 24:24:40,88
2021-8-12 24:44:40,88
2021-8-14 1:4:40,88
2021-8-14 13:29:40,88
2021-8-6 23:24:40,87.8
2021-8-9 10:14:40,87.8
2021-8-9 2:19:40,87.6
2021-8-10 13:59:40,87.4
2021-8-11 19:9:40,87.4
2021-8-12 19:4:40,87.4
2021-8-13 19:39:40,87.4
2021-8-7 9:19:40,87.2
2021-8-10 19:19:40,87.2
2021-8-10 22:29:40,87.2
2021-8-11 4:34:40,87.2
2021-8-13 2:39:40,87.2
2021-8-7 17:24:40,87
2021-8-13 3:29:40,87
2021-8-13 11:9:40,87
2021-8-6 20:44:40,86.8
2021-8-10 18:49:40,86.8
2021-8-7 12:34:40,86.6
2021-8-8 13:4:40,86.6
2021-8-12 5:49:40,86.6
2021-8-9 17:39:40,86.4
2021-8-13 8:39:40,86.4
2021-8-6 19:14:40,86.2
2021-8-8 10:14:40,86.2
2021-8-8 11:29:40,86.2
2021-8-10 16:44:40,86.2
2021-8-12 20:24:40,86.2
2021-8-7 19:14:40,86
2021-8-9 24:4:40,86
2021-8-10 22:44:40,86
2021-8-10 23:59:40,86
2021-8-11 9:4:40,86
2021-8-11 14:59:40,86
2021-8-12 16:14:40,86
2021-8-7 7:24:40,85.8
2021-8-12 1:19:40,85.8
2021-8-12 14:44:40,85.8
2021-8-8 21:24:40,85.6
2021-8-6 19:24:40,85.4
2021-8-6 22:44:40,85.4
2021-8-8 24:24:40,85.4
2021-8-11 3:34:40,85.4
2021-8-11 24:49:40,85.4
2021-8-7 3:9:40,85.2
2021-8-9 6:29:40,85.2
2021-8-10 14:4:40,85.2
2021-8-12 6:24:40,85.2
2021-8-13 9:24:40,85.2
2021-8-7 6:34:40,85
2021-8-9 9:19:40,85
2021-8-14 10:59:40,85
2021-8-7 5:29:40,84.8
2021-8-12 8:44:40,84.8
2021-8-12 20:34:40,84.8
2021-8-13 17:44:40,84.8
2021-8-7 13:14:40,84.6
2021-8-8 15:44:40,84.6
2021-8-11 21:9:40,84.6
2021-8-13 17:59:40,84.6
2021-8-6 22:24:40,84.4
2021-8-7 18:59:40,84.4
2021-8-10 5:29:40,84.4
2021-8-11 20:34:40,84.4
2021-8-12 21:4:40,84.4
2021-8-12 24:39:40,84.4
2021-8-14 4:19:40,84.4
2021-8-8 17:29:40,84.2
2021-8-8 20:49:40,84.2
2021-8-10 1:4:40,84.2
2021-8-10 9:14:40,84.2
2021-8-11 6:14:40,84.2
2021-8-8 23:44:40,84
2021-8-9 7:9:40,84
2021-8-13 2:4:40,84
2021-8-7 2:54:40,83.6
2021-8-8 7:4:40,83.6
2021-8-7 3:49:40,83.4
2021-8-8 14:9:40,83.4
2021-8-11 16:4:40,83.4
2021-8-14 11:54:40,83.4
2021-8-9 24:19:40,83.2
2021-8-11 1:44:40,83.2
2021-8-14 8:9:40,83.2
2021-8-7 6:4:40,83
2021-8-7 9:14:40,83
2021-8-8 4:44:40,83
2021-8-8 8:59:40,83
2021-8-9 7:49:40,83
2021-8-12 12:9:40,83
2021-8-13 12:34:40,83
2021-8-14 2:14:40,83
2021-8-7 16:19:40,82.8
2021-8-7 19:49:40,82.6
2021-8-9 5:49:40,82.6
2021-8-10 20:34:40,82.6
2021-8-13 1:59:40,82.6
2021-8-9 11:29:40,82.4
2021-8-10 1:9:40,82.4
2021-8-10 12:19:40,82.4
2021-8-12 3:29:40,82.4
2021-8-8 22:29:40,82.2
2021-8-6 24:24:40,82
2021-8-8 17:14:40,82
2021-8-9 5:59:40,82
2021-8-9 15:39:40,82
2021-8-12 7:19:40,82
2021-8-12 23:39:40,82
2021-8-13 1:34:40,82
2021-8-7 2:4:40,81.8
2021-8-9 12:54:40,81.8
2021-8-11 10:44:40,81.8
2021-8-9 3:59:40,81.6
2021-8-11 21:19:40,81.6
2021-8-13 4:19:40,81.6
2021-8-7 10:44:40,81.2
2021-8-9 10:29:40,81.2
2021-8-9 21:59:40,81.2
2021-8-7 24:4:40,81
2021-8-9 6:59:40,81
2021-8-9 7:24:40,81
2021-8-10 4:4:40,81
2021-8-11 9:34:40,81
2021-8-13 12:4:40,81
2021-8-13 24:19:40,81
2021-8-14 12:54:40,81
2021-8-7 8:29:40,80.8
2021-8-13 5:4:40,80.8
2021-8-12 4:49:40,80.6
2021-8-13 6:24:40,80.6
2021-8-11 17:14:40,80.4
2021-8-7 12:9:40,80.2
2021-8-12 5:34:40,80.2
2021-8-12 8:54:40,80.2
2021-8-12 22:49:40,80.2
2021-8-7 8:44:40,80
2021-8-8 20:39:40,80
2021-8-10 18:9:40,80
2021-8-11 6:44:40,80
2021-8-11 7:44:40,80
2021-8-11 8:4:40,80
2021-8-11 12:19:40,80
2021-8-12 13:39:40,80
2021-8-13 5:54:40,80
2021-8-7 22:24:40,79.8
2021-8-8 8:44:40,79.8
2021-8-8 14:29:40,79.8
2021-8-12 23:4:40,79.8
2021-8-9 20:59:40,79.6
2021-8-10 12:54:40,79.6
2021-8-12 10:29:40,79.6
2021-8-13 18:44:40,79.6
2021-8-14 15:9:40,79.6
2021-8-7 2:24:40,79.4
2021-8-7 20:34:40,79.4
2021-8-7 22:34:40,79.4
2021-8-9 7:54:40,79.4
2021-8-8 14:19:40,79.2
2021-8-8 23:9:40,79.2
2021-8-10 17:29:40,79.2
2021-8-13 16:34:40,79.2
2021-8-14 3:19:40,79.2
2021-8-7 3:54:40,79
2021-8-13 12:14:40,79
2021-8-8 10:34:40,78.8
2021-8-14 6:44:40,78.8
2021-8-14 1:29:40,78.6
2021-8-10 12:39:40,78.4
2021-8-13 10:19:40,78.4
2021-8-10 15:54:40,78.2
2021-8-11 19:24:40,78.2
2021-8-8 9:44:40,78
2021-8-8 17:24:40,78
2021-8-12 3:59:40,78
2021-8-13 10:24:40,78
2021-8-14 2:34:40,78
2021-8-14 13:49:40,78
2021-8-8 9:59:40,77.8
2021-8-8 11:59:40,77.8
2021-8-13 15:29:40,77.6
2021-8-10 6:54:40,77.4
2021-8-12 19:54:40,77.4
2021-8-7 4:19:40,77.2
2021-8-7 11:49:40,77.2
2021-8-9 13:39:40,77.2
2021-8-11 22:9:40,77.2
2021-8-12 18:54:40,77.2
2021-8-8 17:34:40,77
2021-8-10 3:4:40,77
2021-8-10 3:19:40,77
2021-8-10 24:34:40,77
2021-8-11 21:29:40,77
2021-8-13 13:34:40,77
2021-8-14 3:44:40,77
2021-8-14 8:4:40,77
2021-8-9 1:34:40,76.8
2021-8-9 11:19:40,76.8
2021-8-10 3:24:40,76.6
2021-8-8 5:19:40,76.4
2021-8-9 5:34:40,76.4
2021-8-12 17:54:40,76.4
2021-8-12 21:59:40,76.4
2021-8-8 15:39:40,76.2
2021-8-11 5:39:40,76.2
2021-8-6 17:59:40,76
2021-8-9 15:14:40,76
2021-8-9 20:14:40,76
2021-8-13 17:49:40,76
2021-8-13 21:54:40,76
2021-8-13 23:24:40,76
2021-8-14 13:44:40,76
2021-8-7 22:49:40,75.8
2021-8-8 2:14:40,75.8
2021-8-10 24:59:40,75.8
2021-8-9 9:14:40,75.6
2021-8-14 14:9:40,75.6
2021-8-11 23:39:40,75.4
2021-8-8 1:59:40,75.2
2021-8-14 15:24:40,75.2
2021-8-6 16:39:40,75
2021-8-7 6:59:40,75
2021-8-10 4:9:40,75
2021-8-10 8:44:40,75
2021-8-10 19:34:40,75
2021-8-12 19:34:40,75
2021-8-13 10:54:40,75
2021-8-7 8:34:40,74.8
2021-8-8 4:29:40,74.8
2021-8-8 11:54:40,74.8
2021-8-12 6:4:40,74.8
2021-8-13 9:34:40,74.8
2021-8-9 4:49:40,74.6
2021-8-11 24:59:40,74.6
2021-8-12 24:54:40,74.6
2021-8-13 18:4:40,74.6
2021-8-6 18:4:40,74.4
2021-8-8 21:39:40,74.4
2021-8-13 13:39:40,74.4
2021-8-13 24:24:40,74.4
2021-8-8 19:19:40,74.2
2021-8-11 12:34:40,74.2
2021-8-12 7:24:40,74.2
2021-8-13 13:44:40,74.2
2021-8-7 3:44:40,74
2021-8-8 2:29:40,74
2021-8-8 18:9:40,74
2021-8-8 22:9:40,74
2021-8-10 5:24:40,74
2021-8-10 19:14:40,74
2021-8-13 13:54:40,74
2021-8-11 14:49:40,73.8
2021-8-12 11:29:40,73.8
2021-8-12 14:4:40,73.8
2021-8-8 12:34:40,73.6
2021-8-9 5:54:40,73.6
2021-8-7 9:44:40,73.4
2021-8-10 11:29:40,73.4
2021-8-6 23:39:40,73.2
2021-8-7 10:39:40,73.2
2021-8-8 14:34:40,73.2
2021-8-9 16:19:40,73.2
2021-8-9 23:9:40,73.2
2021-8-12 18:39:40,73.2
2021-8-13 1:24:40,73.2
2021-8-14 7:29:40,73.2
2021-8-11 6:59:40,73
2021-8-11 19:39:40,73
2021-8-10 6:4:40,72.8
2021-8-11 11:9:40,72.8
2021-8-14 14:34:40,72.8
2021-8-7 14:14:40,72.6
2021-8-11 12:14:40,72.6
2021-8-11 22:14:40,72.4
2021-8-13 14:29:40,72.4
2021-8-14 10:34:40,72.4
2021-8-9 19:14:40,72.2
2021-8-10 6:24:40,72.2
2021-8-6 21:59:40,72
2021-8-7 15:4:40,72
2021-8-8 18:4:40,72
2021-8-9 21:39:40,72
2021-8-10 20:29:40,72
2021-8-7 1:19:40,71.8
2021-8-11 19:34:40,71.8
2021-8-10 20:39:40,71.6
2021-8-10 23:44:40,71.6
2021-8-12 8:4:40,71.6
2021-8-9 9:39:40,71.4
2021-8-10 4:19:40,71.4
2021-8-13 24:59:40,71.4
2021-8-14 5:44:40,71.4
2021-8-10 7:49:40,71.2
2021-8-10 15:24:40,71.2
2021-8-7 2:19:40,71
2021-8-12 5:9:40,71
2021-8-13 10:9:40,71
2021-8-7 22:59:40,70.8
2021-8-13 8:49:40,70.8
2021-8-9 12:34:40,70.6
2021-8-9 14:34:40,70.6
2021-8-13 5:44:40,70.4
2021-8-14 15:34:40,70.4
2021-8-7 8:54:40,70.2
2021-8-7 19:19:40,70
2021-8-8 2:49:40,70
2021-8-8 3:4:40,70
2021-8-9 16:54:40,70
2021-8-12 15:4:40,70
2021-8-13 24:14:40,70
2021-8-10 17:59:40,69.6
2021-8-10 9:29:40,69.4
2021-8-11 6:34:40,69.4
2021-8-13 4:54:40,69.4
2021-8-7 18:4:40,69.2
2021-8-14 6:19:40,69.2
2021-8-11 24:9:40,69
2021-8-11 24:54:40,69
2021-8-13 15:9:40,69
2021-8-7 19:29:40,68.8
2021-8-10 4:14:40,68.8
2021-8-14 6:4:40,68.6
2021-8-8 6:4:40,68.4
2021-8-8 19:29:40,68.4
2021-8-9 14:39:40,68.4
2021-8-10 18:34:40,68.4
2021-8-12 10:19:40,68.4
2021-8-8 1:49:40,68.2
2021-8-13 19:49:40,68.2
2021-8-6 18:14:40,68
2021-8-9 16:39:40,68
2021-8-11 18:44:40,68
2021-8-13 3:54:40,68
2021-8-6 24:9:40,67.8
2021-8-12 18:34:40,67.8
2021-8-8 17:59:40,67.6
2021-8-10 11:59:40,67.6
2021-8-13 18:14:40,67.6
2021-8-8 18:14:40,67.4
2021-8-10 7:29:40,67.4
2021-8-12 18:9:40,67.4
2021-8-7 3:39:40,67.2
2021-8-9 11:59:40,67.2
2021-8-9 13:59:40,67.2
2021-8-11 9:49:40,67.2
2021-8-6 18:9:40,67
2021-8-8 8:39:40,67
2021-8-8 19:44:40,67
2021-8-9 5:24:40,67
2021-8-10 17:34:40,67
2021-8-12 17:49:40,67
2021-8-13 18:49:40,67
2021-8-14 15:29:40,67
2021-8-8 2:9:40,66.8
2021-8-9 2:44:40,66.8
2021-8-12 7:39:40,66.8
2021-8-8 14:24:40,66.6
2021-8-9 17:24:40,66.6
2021-8-10 3:39:40,66.6
2021-8-11 2:54:40,66.4
2021-8-12 14:59:40,66.4
2021-8-13 19:14:40,66.2
2021-8-11 11:49:40,66
2021-8-14 5:9:40,66
2021-8-13 18:34:40,65.8
2021-8-8 3:9:40,65.6
2021-8-11 17:59:40,65.6
2021-8-12 10:39:40,65.6
2021-8-12 14:24:40,65.6
2021-8-13 7:9:40,65.6
2021-8-7 4:29:40,65.4
2021-8-7 18:49:40,65.4
2021-8-7 21:24:40,65.4
2021-8-8 9:9:40,65.4
2021-8-8 21:19:40,65.2
2021-8-9 14:4:40,65.2
2021-8-10 11:19:40,65.2
2021-8-10 23:9:40,65.2
2021-8-11 15:49:40,65.2
2021-8-10 5:59:40,65
2021-8-12 20:9:40,65
2021-8-12 21:44:40,65
2021-8-9 19:19:40,64.8
2021-8-11 9:59:40,64.8
2021-8-12 8:59:40,64.8
2021-8-12 20:4:40,64.8
2021-8-10 1:49:40,64.6
2021-8-7 11:24:40,64.4
2021-8-9 3:49:40,64.4
2021-8-10 21:24:40,64.4
2021-8-11 1:19:40,64.4
2021-8-13 16:44:40,64.4
2021-8-7 14:4:40,64.2
2021-8-10 13:14:40,64.2
2021-8-14 8:29:40,64.2
2021-8-6 21:29:40,64
2021-8-9 18:14:40,64
2021-8-12 16:19:40,64
2021-8-13 14:4:40,64
2021-8-8 16:19:40,63.8
2021-8-11 14:4:40,63.8
2021-8-13 16:14:40,63.8
2021-8-10 22:14:40,63.4
2021-8-12 1:14:40,63.4
2021-8-13 4:39:40,63.4
2021-8-7 17:9:40,63.2
2021-8-9 11:39:40,63.2
2021-8-12 19:39:40,63.2
2021-8-7 18:24:40,63
2021-8-8 3:39:40,63
2021-8-11 14:54:40,63
2021-8-11 21:54:40,63
2021-8-14 15:4:40,63
2021-8-10 11:9:40,62.8
2021-8-12 5:59:40,62.8
2021-8-12 19:14:40,62.8
2021-8-8 12:54:40,62.6
2021-8-11 3:29:40,62.6
2021-8-12 4:19:40,62.6
2021-8-12 11:14:40,62.6
2021-8-14 5:39:40,62.6
2021-8-8 23:14:40,62.4
2021-8-9 17:9:40,62.4
2021-8-9 22:54:40,62.4
2021-8-10 12:59:40,62.4
2021-8-6 24:14:40,62
2021-8-7 6:19:40,62
2021-8-7 11:34:40,62
2021-8-8 12:19:40,62
2021-8-10 7:44:40,62
2021-8-10 9:9:40,62
2021-8-11 2:4:40,62
2021-8-11 15:14:40,62
2021-8-13 15:59:40,62
2021-8-8 15:19:40,61.8
2021-8-9 7:44:40,61.8
2021-8-10 19:49:40,61.8
2021-8-12 3:44:40,61.6
2021-8-8 11:44:40,61.4
2021-8-8 12:4:40,61.4
2021-8-9 8:44:40,61.4
2021-8-13 1:9:40,61.4
2021-8-11 19:29:40,61.2
2021-8-12 21:24:40,61.2
2021-8-7 13:34:40,61
2021-8-9 18:34:40,61
2021-8-12 5:44:40,61
2021-8-12 15:14:40,61
2021-8-9 2:24:40,60.8
2021-8-10 16:24:40,60.8
2021-8-9 19:39:40,60.6
2021-8-8 3:14:40,60.4
2021-8-9 2:9:40,60.4
2021-8-9 12:39:40,60.2
2021-8-11 17:54:40,60.2
2021-8-8 19:39:40,60
2021-8-10 10:44:40,60
2021-8-10 22:9:40,60
2021-8-13 10:59:40,60
2021-8-13 22:29:40,60
2021-8-6 22:9:40,59.8
2021-8-13 14:9:40,59.8
2021-8-10 17:44:40,59.6
2021-8-8 4:14:40,59.4
2021-8-12 22:34:40,59.4
2021-8-13 2:19:40,59.2
2021-8-7 9:59:40,59
2021-8-11 14:44:40,59
2021-8-12 9:39:40,59
2021-8-12 19:9:40,59
2021-8-7 17:54:40,58.8
2021-8-13 10:39:40,58.8
2021-8-12 21:39:40,58.6
2021-8-9 19:34:40,58.4
2021-8-10 19:4:40,58.4
2021-8-12 7:44:40,58.4
2021-8-8 13:34:40,58.2
2021-8-9 9:29:40,58.2
2021-8-6 21:54:40,58
2021-8-9 2:59:40,58
2021-8-9 14:44:40,58
2021-8-12 7:14:40,58
2021-8-12 19:59:40,58
2021-8-13 2:29:40,58
2021-8-9 10:44:40,57.6
2021-8-9 15:19:40,57.6
2021-8-10 1:24:40,57.6
2021-8-13 17:9:40,57.6
2021-8-6 19:9:40,57.4
2021-8-11 10:19:40,57.4
2021-8-12 17:19:40,57.4
2021-8-12 21:9:40,57.4
2021-8-13 23:34:40,57.4
2021-8-11 7:59:40,57.2
2021-8-11 17:49:40,57.2
2021-8-8 4:59:40,57
2021-8-8 14:4:40,57
2021-8-9 10:24:40,57
2021-8-12 12:4:40,57
2021-8-13 10:49:40,57
2021-8-6 17:49:40,56.8
2021-8-6 20:9:40,56.8
2021-8-8 9:49:40,56.8
2021-8-10 6:9:40,56.8
2021-8-8 7:19:40,56.6
2021-8-11 18:14:40,56.6
2021-8-12 3:4:40,56.6
2021-8-14 11:29:40,56.6
2021-8-14 7:59:40,56.4
2021-8-11 6:19:40,56.2
2021-8-8 6:59:40,56
2021-8-8 22:44:40,56
2021-8-12 23:54:40,56
2021-8-13 18:59:40,56
2021-8-7 4:59:40,55.8
2021-8-12 3:19:40,55.8
2021-8-12 7:9:40,55.8
2021-8-14 5:59:40,55.8
2021-8-11 20:59:40,55.6
2021-8-10 9:39:40,55.4
2021-8-10 24:4:40,55.4
2021-8-7 19:39:40,55.2
2021-8-8 5:14:40,55.2
2021-8-9 15:59:40,55.2
2021-8-12 17:14:40,55.2
2021-8-8 24:9:40,55
2021-8-10 13:54:40,55
2021-8-11 16:19:40,55
2021-8-13 3:24:40,55
2021-8-6 21:4:40,54.8
2021-8-8 7:29:40,54.8
2021-8-8 8:34:40,54.8
2021-8-8 23:29:40,54.8
2021-8-10 20:49:40,54.8
2021-8-9 15:34:40,54.6
2021-8-9 22:19:40,54.6
2021-8-11 10:54:40,54.6
2021-8-11 11:59:40,54.6
2021-8-8 12:9:40,54.4
2021-8-9 22:9:40,54.4
2021-8-11 16:54:40,54.4
2021-8-12 4:4:40,54.4
2021-8-13 1:14:40,54.4
2021-8-7 24:44:40,54.2
2021-8-9 7:4:40,54.2
2021-8-12 3:54:40,54
2021-8-12 15:59:40,54
2021-8-7 7:19:40,53.8
2021-8-9 12:14:40,53.8
2021-8-10 8:4:40,53.8
2021-8-7 20:49:40,53.6
2021-8-7 24:39:40,53.6
2021-8-9 2:49:40,53.6
2021-8-8 4:4:40,53.4
2021-8-9 24:49:40,53.4
2021-8-13 18:24:40,53.4
2021-8-9 18:29:40,53.2
2021-8-9 22:29:40,53.2
2021-8-12 16:54:40,53.2
2021-8-7 7:34:40,53
2021-8-9 4:39:40,53
2021-8-10 18:59:40,53
2021-8-11 5:9:40,53
2021-8-11 7:49:40,53
2021-8-11 12:4:40,53
2021-8-7 11:29:40,52.8
2021-8-7 13:19:40,52.8
2021-8-8 13:19:40,52.8
2021-8-8 8:9:40,52.6
2021-8-10 5:44:40,52.6
2021-8-13 10:4:40,52.6
2021-8-9 9:9:40,52.2
2021-8-12 5:29:40,52.2
2021-8-14 6:9:40,52.2
2021-8-8 16:34:40,52
2021-8-9 23:39:40,52
2021-8-10 15:44:40,52
2021-8-11 4:9:40,52
2021-8-12 3:49:40,52
2021-8-13 20:29:40,52
2021-8-10 10:24:40,51.8
2021-8-13 6:4:40,51.8
2021-8-11 21:39:40,51.6
2021-8-11 23:19:40,51.4
2021-8-14 4:59:40,51.4
2021-8-9 19:24:40,51.2
2021-8-10 18:29:40,51.2
2021-8-12 16:34:40,51.2
2021-8-6 16:54:40,51
2021-8-7 2:49:40,51
2021-8-9 6:39:40,51
2021-8-9 19:4:40,51
2021-8-11 12:44:40,51
2021-8-13 6:39:40,51
2021-8-10 11:34:40,50.8
2021-8-13 6:44:40,50.8
2021-8-10 21:4:40,50.6
2021-8-12 24:29:40,50.6
2021-8-7 19:59:40,50.4
2021-8-10 4:44:40,50.4
2021-8-13 20:39:40,50.4
2021-8-14 12:9:40,50.4
2021-8-9 7:34:40,50
2021-8-10 8:29:40,50
2021-8-8 21:49:40,49.8
2021-8-11 9:29:40,49.8
2021-8-12 8:34:40,49.8
2021-8-11 18:4:40,49.6
2021-8-11 24:44:40,49.6
2021-8-8 19:4:40,49.4
2021-8-6 21:19:40,49.2
2021-8-9 24:14:40,49.2
2021-8-12 19:19:40,49.2
2021-8-6 20:14:40,49
2021-8-8 20:24:40,49
2021-8-10 15:34:40,49
2021-8-12 23:29:40,49
2021-8-10 20:44:40,48.8
2021-8-11 11:39:40,48.6
2021-8-13 14:39:40,48.6
2021-8-10 4:54:40,48.4
2021-8-10 13:44:40,48.4
2021-8-12 24:59:40,48.4
2021-8-13 9:49:40,48.4
2021-8-14 3:49:40,48.4
2021-8-14 14:19:40,48.4
2021-8-7 9:49:40,48.2
2021-8-10 24:9:40,48.2
2021-8-11 14:34:40,48.2
2021-8-12 23:44:40,48.2
2021-8-7 4:34:40,48
2021-8-7 9:4:40,48
2021-8-10 11:4:40,47.8
2021-8-8 16:29:40,47.4
2021-8-11 3:9:40,47.4
2021-8-9 1:49:40,47.2
2021-8-11 17:29:40,47.2
2021-8-11 23:34:40,47.2
2021-8-12 16:44:40,47.2
2021-8-12 22:54:40,47.2
2021-8-14 15:49:40,47.2
2021-8-6 24:4:40,47
2021-8-12 22:24:40,47
2021-8-13 10:29:40,47
2021-8-7 2:9:40,46.8
2021-8-10 18:39:40,46.8
2021-8-14 14:39:40,46.8
2021-8-8 6:29:40,46.6
2021-8-9 3:9:40,46.6
2021-8-11 14:9:40,46.6
2021-8-14 10:39:40,46.4
2021-8-14 11:24:40,46.4
2021-8-7 1:39:40,46.2
2021-8-13 6:14:40,46.2
2021-8-6 23:44:40,46
2021-8-12 1:4:40,46
2021-8-12 6:39:40,46
2021-8-10 1:59:40,45.8
2021-8-12 19:24:40,45.8
2021-8-14 1:24:40,45.8
2021-8-6 19:29:40,45.6
2021-8-8 21:34:40,45.6
2021-8-9 9:54:40,45.6
2021-8-8 21:9:40,45.2
2021-8-11 1:29:40,45.2
2021-8-13 14:54:40,45.2
2021-8-7 23:9:40,45
2021-8-10 11:44:40,45
2021-8-12 14:9:40,45
2021-8-14 14:44:40,45
2021-8-10 23:54:40,44.8
2021-8-11 14:19:40,44.8
2021-8-7 1:54:40,44.6
2021-8-7 4:49:40,44.4
2021-8-11 5:49:40,44.4
2021-8-9 23:14:40,44.2
2021-8-7 4:14:40,44
2021-8-8 10:29:40,44
2021-8-14 9:54:40,44
2021-8-7 3:19:40,43.8
2021-8-13 15:39:40,43.8
2021-8-9 10:19:40,43.6
2021-8-9 18:39:40,43.6
2021-8-10 14:9:40,43.6
2021-8-11 6:49:40,43.6
2021-8-13 5:29:40,43.6
2021-8-7 10:59:40,43.4
2021-8-7 13:59:40,43.4
2021-8-11 14:39:40,43.4
2021-8-11 16:59:40,43.4
2021-8-12 17:44:40,43.4
2021-8-8 7:24:40,43.2
2021-8-7 14:59:40,43
2021-8-8 10:49:40,43
2021-8-11 14:29:40,43
2021-8-12 11:44:40,43
2021-8-7 10:19:40,42.8
2021-8-7 20:39:40,42.8
2021-8-6 23:34:40,42.6
2021-8-7 18:54:40,42.6
2021-8-10 1:44:40,42.6
2021-8-7 12:49:40,42.4
2021-8-13 8:29:40,42.4
2021-8-10 2:19:40,42.2
2021-8-13 6:9:40,42.2
2021-8-11 2:49:40,42
2021-8-11 17:34:40,42
2021-8-13 20:34:40,42
2021-8-12 1:29:40,41.8
2021-8-13 9:19:40,41.8
2021-8-7 24:59:40,41.6
2021-8-8 22:4:40,41.6
2021-8-9 24:29:40,41.6
2021-8-10 17:4:40,41.6
2021-8-10 19:59:40,41.6
2021-8-12 1:59:40,41.6
2021-8-12 7:59:40,41.6
2021-8-13 24:39:40,41.6
2021-8-9 9:49:40,41.4
2021-8-13 16:59:40,41.4
2021-8-10 23:49:40,41.2
2021-8-9 15:9:40,41
2021-8-11 2:9:40,40.8
2021-8-13 12:54:40,40.8
2021-8-9 8:29:40,40.6
2021-8-10 14:49:40,40.6
2021-8-8 18:24:40,40.4
2021-8-8 20:44:40,40.4
2021-8-9 1:44:40,40.2
2021-8-9 3:29:40,40.2
2021-8-12 17:4:40,40.2
2021-8-7 11:9:40,40
2021-8-9 7:19:40,40
2021-8-9 17:49:40,40
2021-8-10 10:9:40,40
2021-8-12 2:29:40,40
2021-8-12 10:49:40,40
2021-8-11 17:4:40,39.8
2021-8-13 11:44:40,39.8
2021-8-10 7:54:40,39.6
2021-8-8 6:49:40,39.4
2021-8-13 21:4:40,39.4
2021-8-9 21:34:40,39.2
2021-8-8 4:9:40,39
2021-8-11 2:59:40,39
2021-8-11 3:4:40,39
2021-8-12 5:4:40,39
2021-8-7 7:49:40,38.8
2021-8-7 10:34:40,38.8
2021-8-10 20:9:40,38.8
2021-8-10 21:34:40,38.8
2021-8-14 9:29:40,38.8
2021-8-14 10:14:40,38.8
2021-8-11 18:24:40,38.6
2021-8-13 19:4:40,38.6
2021-8-10 7:59:40,38.4
2021-8-7 22:44:40,38.2
2021-8-12 22:39:40,38.2
2021-8-13 7:44:40,38.2
2021-8-8 10:54:40,38
2021-8-10 12:14:40,38
2021-8-10 19:9:40,38
2021-8-11 19:44:40,38
2021-8-11 23:14:40,38
2021-8-14 4:54:40,38
2021-8-14 5:19:40,38
2021-8-12 20:49:40,37.6
2021-8-9 21:29:40,37.4
2021-8-12 24:49:40,37.2
2021-8-13 4:34:40,37.2
2021-8-10 11:39:40,37
2021-8-12 6:19:40,37
2021-8-12 14:49:40,37
2021-8-13 19:19:40,37
2021-8-13 9:59:40,36.8
2021-8-13 24:29:40,36.8
2021-8-7 20:4:40,36.6
2021-8-8 14:44:40,36.6
2021-8-12 22:19:40,36.6
2021-8-6 18:39:40,36.4
2021-8-7 5:4:40,36.4
2021-8-9 17:29:40,36.4
2021-8-12 13:9:40,36.2
2021-8-13 14:24:40,36.2
2021-8-7 19:9:40,36
2021-8-8 15:14:40,36
2021-8-8 17:19:40,36
2021-8-11 12:54:40,36
2021-8-11 21:14:40,36
2021-8-14 4:4:40,36
2021-8-7 1:29:40,35.6
2021-8-8 15:59:40,35.6
2021-8-8 24:49:40,35.6
2021-8-9 6:24:40,35.6
2021-8-9 15:49:40,35.6
2021-8-9 22:24:40,35.6
2021-8-12 1:49:40,35.6
2021-8-13 15:49:40,35.6
2021-8-13 19:29:40,35.6
2021-8-7 20:54:40,35.4
2021-8-7 23:54:40,35.2
2021-8-9 6:14:40,35.2
2021-8-12 24:34:40,35.2
2021-8-14 13:39:40,35.2
2021-8-7 24:14:40,35
2021-8-8 5:59:40,35
2021-8-9 14:9:40,35
2021-8-9 15:29:40,35
2021-8-10 18:24:40,35
2021-8-12 12:49:40,35
2021-8-12 20:59:40,35
2021-8-13 21:59:40,35
2021-8-7 21:9:40,34.8
2021-8-8 4:34:40,34.8
2021-8-9 21:49:40,34.8
2021-8-11 4:59:40,34.8
2021-8-12 8:14:40,34.8
2021-8-12 14:54:40,34.8
2021-8-12 5:39:40,34.6
2021-8-6 19:49:40,34.4
2021-8-11 7:24:40,34.4
2021-8-12 8:39:40,34.4
2021-8-9 7:39:40,34.2
2021-8-13 2:59:40,34.2
2021-8-7 12:19:40,34
2021-8-7 17:49:40,34
2021-8-11 4:49:40,34
2021-8-13 6:49:40,34
2021-8-13 17:34:40,34
2021-8-13 24:49:40,34
2021-8-6 17:29:40,33.8
2021-8-7 15:24:40,33.8
2021-8-10 2:59:40,33.8
2021-8-10 6:39:40,33.8
2021-8-11 20:49:40,33.8
2021-8-7 20:29:40,33.6
2021-8-11 3:14:40,33.6
2021-8-8 5:39:40,33.4
2021-8-8 19:34:40,33.4
2021-8-12 5:54:40,33.4
2021-8-14 10:44:40,33.2
2021-8-7 18:44:40,33
2021-8-8 13:54:40,33
2021-8-11 1:9:40,33
2021-8-11 10:9:40,33
2021-8-12 2:44:40,33
2021-8-12 11:4:40,33
2021-8-14 12:34:40,33
2021-8-10 6:29:40,32.8
2021-8-11 9:19:40,32.8
2021-8-12 13:19:40,32.8
2021-8-12 22:44:40,32.8
2021-8-14 1:34:40,32.8
2021-8-10 5:34:40,32.6
2021-8-12 20:54:40,32.6
2021-8-13 6:54:40,32.6
2021-8-6 18:34:40,32.4
2021-8-7 13:9:40,32.4
2021-8-8 6:14:40,32.4
2021-8-10 8:59:40,32.4
2021-8-11 11:29:40,32.4
2021-8-13 17:29:40,32.4
2021-8-8 1:54:40,32.2
2021-8-8 7:14:40,32.2
2021-8-11 10:29:40,32.2
2021-8-7 5:49:40,32
2021-8-9 13:24:40,32
2021-8-12 9:34:40,32
2021-8-12 20:44:40,32
2021-8-13 1:49:40,32
2021-8-9 13:34:40,31.8
2021-8-11 13:44:40,31.8
2021-8-13 14:19:40,31.8
2021-8-6 22:39:40,31.6
2021-8-9 2:4:40,31.6
2021-8-13 24:9:40,31.6
2021-8-14 7:34:40,31.6
2021-8-14 8:24:40,31.6
2021-8-7 19:4:40,31.4
2021-8-11 1:4:40,31.4
2021-8-12 8:19:40,31.4
2021-8-13 15:24:40,31.4
2021-8-8 7:59:40,31.2
2021-8-9 13:19:40,31.2
2021-8-12 1:24:40,31.2
2021-8-12 16:4:40,31.2
2021-8-12 18:14:40,31.2
2021-8-13 1:19:40,31.2
2021-8-13 7:34:40,31.2
2021-8-14 13:19:40,31.2
2021-8-13 3:44:40,31
2021-8-11 4:54:40,30.8
2021-8-7 20:44:40,30.6
2021-8-10 8:14:40,30.6
2021-8-11 8:9:40,30.6
2021-8-12 13:49:40,30.6
2021-8-14 8:44:40,30.6
2021-8-6 17:39:40,30.4
2021-8-8 23:59:40,30.4
2021-8-9 7:59:40,30.4
2021-8-10 17:39:40,30.4
2021-8-10 22:24:40,30.4
2021-8-11 2:14:40,30.4
2021-8-12 4:9:40,30.4
2021-8-12 9:9:40,30.4
2021-8-13 1:54:40,30.2
2021-8-9 18:54:40,30
2021-8-9 23:19:40,30
2021-8-9 24:54:40,30
2021-8-11 17:39:40,30
2021-8-10 19:44:40,29.8
2021-8-9 12:4:40,29.6
2021-8-13 17:19:40,29.6
2021-8-6 17:14:40,29.4
2021-8-7 24:19:40,29.4
2021-8-10 14:34:40,29.2
2021-8-7 7:4:40,29
2021-8-9 8:9:40,29
2021-8-10 2:54:40,29
2021-8-10 6:49:40,29
2021-8-11 18:9:40,29
2021-8-8 18:49:40,28.8
2021-8-9 1:54:40,28.8
2021-8-13 9:54:40,28.8
2021-8-11 1:14:40,28.6
2021-8-11 6:29:40,28.6
2021-8-11 18:54:40,28.6
2021-8-13 4:49:40,28.6
2021-8-9 4:24:40,28.4
2021-8-14 9:4:40,28.4
2021-8-7 17:29:40,28.2
2021-8-10 22:49:40,28.2
2021-8-12 17:59:40,28.2
2021-8-13 23:39:40,28.2
2021-8-6 19:44:40,28
2021-8-7 6:24:40,28
2021-8-7 23:4:40,28
2021-8-8 14:49:40,28
2021-8-8 20:29:40,28
2021-8-9 6:49:40,28
2021-8-11 4:4:40,28
2021-8-13 16:54:40,28
2021-8-14 2:39:40,28
2021-8-8 21:14:40,27.8
2021-8-10 22:54:40,27.8
2021-8-6 24:34:40,27.6
2021-8-11 18:49:40,27.6
2021-8-14 14:4:40,27.6
2021-8-10 3:59:40,27.4
2021-8-13 16:29:40,27.2
2021-8-9 18:59:40,27
2021-8-11 1:24:40,27
2021-8-11 1:59:40,26.8
2021-8-11 22:29:40,26.8
2021-8-7 6:54:40,26.4
2021-8-7 12:29:40,26.4
2021-8-9 15:54:40,26.4
2021-8-10 3:14:40,26.4
2021-8-14 14:29:40,26.4
2021-8-7 14:39:40,26.2
2021-8-10 17:24:40,26.2
2021-8-10 21:39:40,26.2
2021-8-13 2:9:40,26.2
2021-8-6 21:49:40,26
2021-8-7 24:54:40,26
2021-8-8 14:39:40,26
2021-8-9 23:34:40,26
2021-8-11 7:9:40,26
2021-8-14 3:14:40,26
2021-8-14 9:34:40,26
2021-8-9 24:44:40,25.8
2021-8-10 2:44:40,25.8
2021-8-10 14:44:40,25.8
2021-8-13 12:29:40,25.8
2021-8-6 20:54:40,25.6
2021-8-12 10:4:40,25.6
2021-8-13 5:9:40,25.6
2021-8-11 18:34:40,25.4
2021-8-11 24:29:40,25.4
2021-8-10 13:39:40,25.2
2021-8-10 23:39:40,25.2
2021-8-7 15:49:40,25
2021-8-8 14:59:40,25
2021-8-8 20:4:40,25
2021-8-9 14:59:40,25
2021-8-9 20:4:40,25
2021-8-11 22:34:40,25
2021-8-12 18:24:40,25
2021-8-13 20:24:40,25
2021-8-8 10:44:40,24.8
2021-8-9 8:4:40,24.8
2021-8-9 23:59:40,24.8
2021-8-13 2:54:40,24.8
2021-8-13 3:59:40,24.8
2021-8-9 7:29:40,24.6
2021-8-9 16:34:40,24.6
2021-8-10 6:19:40,24.6
2021-8-10 8:9:40,24.6
2021-8-10 10:14:40,24.4
2021-8-13 15:44:40,24.4
2021-8-14 15:19:40,24.4
2021-8-8 19:49:40,24.2
2021-8-10 15:39:40,24.2
2021-8-13 12:44:40,24.2
2021-8-7 6:29:40,24
2021-8-8 13:39:40,24
2021-8-12 2:24:40,24
2021-8-14 4:49:40,24
2021-8-14 14:24:40,24
2021-8-7 1:49:40,23.8
2021-8-9 1:14:40,23.6
2021-8-13 21:14:40,23.6
2021-8-14 6:59:40,23.6
2021-8-14 9:19:40,23.6
2021-8-11 15:24:40,23.4
2021-8-9 2:29:40,23.2
2021-8-9 18:44:40,23.2
2021-8-12 1:9:40,23.2
2021-8-10 17:19:40,23
2021-8-11 4:29:40,23
2021-8-13 16:9:40,22.8
2021-8-14 10:9:40,22.8
2021-8-10 13:4:40,22.6
2021-8-11 20:4:40,22.6
2021-8-11 22:54:40,22.6
2021-8-13 14:34:40,22.6
2021-8-9 5:4:40,22.4
2021-8-11 12:24:40,22.4
2021-8-11 20:19:40,22.4
2021-8-11 3:49:40,22.2
2021-8-7 8:9:40,22
2021-8-8 4:24:40,22
2021-8-11 1:39:40,22
2021-8-11 23:44:40,22
2021-8-12 23:9:40,22
2021-8-14 15:39:40,22
2021-8-9 6:34:40,21.8
2021-8-9 13:44:40,21.8
2021-8-14 10:29:40,21.8
2021-8-8 4:39:40,21.6
2021-8-9 8:34:40,21.6
2021-8-10 7:4:40,21.6
2021-8-7 16:14:40,21.4
2021-8-10 12:49:40,21.4
2021-8-6 21:14:40,21
2021-8-9 13:54:40,21
2021-8-9 24:34:40,21
2021-8-10 22:39:40,21
2021-8-13 24:34:40,21
2021-8-8 17:9:40,20.8
2021-8-8 8:29:40,20.6
2021-8-10 16:29:40,20.6
2021-8-11 12:29:40,20.6
2021-8-13 13:29:40,20.6
2021-8-7 7:59:40,20.4
2021-8-10 15:29:40,20.4
2021-8-10 15:14:40,20.2
2021-8-8 10:39:40,20
2021-8-8 16:14:40,20
2021-8-9 8:59:40,20
2021-8-9 20:39:40,20
2021-8-10 8:19:40,20
2021-8-10 22:34:40,20
2021-8-12 17:34:40,20
2021-8-13 8:44:40,20
2021-8-13 11:29:40,20
2021-8-13 15:34:40,20
2021-8-13 16:4:40,20
2021-8-13 20:9:40,20
2021-8-14 8:59:40,20
2021-8-10 20:59:40,19.8
2021-8-10 22:59:40,19.8
2021-8-7 6:14:40,19.6
2021-8-13 5:19:40,19.6
2021-8-13 13:24:40,19.6
2021-8-6 17:34:40,19.4
2021-8-7 24:9:40,19.4
2021-8-8 10:59:40,19.4
2021-8-11 12:49:40,19.4
2021-8-12 23:49:40,19.4
2021-8-13 9:9:40,19.4
2021-8-8 1:9:40,19.2
2021-8-10 6:59:40,19.2
2021-8-13 21:39:40,19.2
2021-8-6 16:34:40,19
2021-8-7 5:54:40,19
2021-8-8 7:44:40,19
2021-8-9 18:4:40,19
2021-8-9 18:19:40,19
2021-8-11 17:24:40,19
2021-8-13 19:34:40,19
2021-8-14 12:29:40,19
2021-8-6 19:59:40,18.8
2021-8-9 21:19:40,18.8
2021-8-7 14:49:40,18.6
2021-8-8 5:44:40,18.6
2021-8-9 6:9:40,18.6
2021-8-7 1:44:40,18.4
2021-8-9 5:39:40,18.4
2021-8-13 11:59:40,18.4
2021-8-8 10:24:40,18.2
2021-8-12 9:44:40,18.2
2021-8-14 6:39:40,18.2
2021-8-9 6:19:40,18
2021-8-10 5:39:40,18
2021-8-10 6:14:40,18
2021-8-11 22:49:40,18
2021-8-9 20:44:40,17.8
2021-8-11 11:34:40,17.8
2021-8-12 2:4:40,17.8
2021-8-12 6:29:40,17.8
2021-8-10 10:49:40,17.6
2021-8-11 15:39:40,17.6
2021-8-12 6:49:40,17.6
2021-8-14 11:9:40,17.6
2021-8-9 17:59:40,17.4
2021-8-11 7:19:40,17.4
2021-8-12 24:4:40,17.4
2021-8-8 4:54:40,17.2
2021-8-9 6:44:40,17.2
2021-8-9 22:34:40,17.2
2021-8-14 7:49:40,17
2021-8-8 11:4:40,16.6
2021-8-8 16:24:40,16.4
2021-8-9 18:49:40,16.4
2021-8-11 20:29:40,16.4
2021-8-14 12:44:40,16.4
2021-8-6 20:24:40,16.2
2021-8-8 13:9:40,16.2
2021-8-8 19:9:40,16.2
2021-8-14 12:19:40,16.2
2021-8-7 1:4:40,16
2021-8-8 7:39:40,16
2021-8-9 8:54:40,16
2021-8-9 9:44:40,16
2021-8-9 10:54:40,16
2021-8-9 20:29:40,16
2021-8-10 24:29:40,16
2021-8-11 16:34:40,16
2021-8-13 13:9:40,16
2021-8-13 22:19:40,16
2021-8-13 23:49:40,16
2021-8-10 10:19:40,15.8
2021-8-11 13:24:40,15.6
2021-8-6 22:4:40,15.4
2021-8-8 9:4:40,15.4
2021-8-11 15:4:40,15.4
2021-8-13 13:59:40,15.4
2021-8-13 19:59:40,15.4
2021-8-8 8:49:40,15.2
2021-8-10 15:9:40,15.2
2021-8-11 3:19:40,15.2
2021-8-12 22:4:40,15.2
2021-8-13 1:4:40,15.2
2021-8-14 2:44:40,15.2
2021-8-12 15:9:40,15
2021-8-12 17:9:40,15
2021-8-14 11:4:40,15
2021-8-11 2:29:40,14.8
2021-8-11 7:4:40,14.8
2021-8-13 2:44:40,14.8
2021-8-13 20:49:40,14.8
2021-8-12 15:29:40,14.6
2021-8-7 22:54:40,14.4
2021-8-9 23:54:40,14.4
2021-8-12 8:29:40,14.4
2021-8-8 1:14:40,14.2
2021-8-11 4:44:40,14.2
2021-8-12 15:49:40,14.2
2021-8-8 24:59:40,14
2021-8-9 12:49:40,14
2021-8-14 8:54:40,14
2021-8-6 24:44:40,13.8
2021-8-7 23:59:40,13.6
2021-8-9 1:24:40,13.6
2021-8-10 3:44:40,13.6
2021-8-13 12:59:40,13.6
2021-8-13 22:14:40,13.6
2021-8-6 16:9:40,13.4
2021-8-7 3:4:40,13.4
2021-8-7 9:9:40,13.4
2021-8-8 11:49:40,13.4
2021-8-9 4:44:40,13.4
2021-8-8 24:34:40,13.2
2021-8-9 10:49:40,13.2
2021-8-7 16:24:40,13
2021-8-7 19:44:40,13
2021-8-8 1:4:40,13
2021-8-9 4:29:40,13
2021-8-9 11:9:40,13
2021-8-12 1:34:40,13
2021-8-12 17:24:40,13
2021-8-7 2:14:40,12.8
2021-8-7 8:14:40,12.8
2021-8-9 24:59:40,12.6
2021-8-11 2:39:40,12.4
2021-8-11 7:39:40,12.4
2021-8-13 12:49:40,12.4
2021-8-7 17:39:40,12.2
2021-8-7 20:59:40,12.2
2021-8-11 13:39:40,12.2
2021-8-9 19:29:40,12
2021-8-11 10:24:40,12
2021-8-10 4:24:40,11.8
2021-8-14 12:39:40,11.8
2021-8-11 11:54:40,11.6
2021-8-11 10:39:40,11.2
2021-8-7 2:44:40,11
2021-8-10 14:59:40,11
2021-8-12 7:34:40,11
2021-8-12 12:29:40,11
2021-8-13 17:4:40,11
2021-8-11 8:24:40,10.8
2021-8-8 11:9:40,10.6
2021-8-10 22:19:40,10.6
2021-8-7 12:39:40,10.4
2021-8-10 23:14:40,10.4
2021-8-10 9:54:40,10.2
2021-8-12 5:24:40,10.2
2021-8-13 2:24:40,10.2
2021-8-13 14:14:40,10.2
2021-8-14 7:9:40,10.2
2021-8-14 15:44:40,10.2
2021-8-8 11:34:40,10
2021-8-9 13:9:40,10
2021-8-13 2:14:40,10
2021-8-13 24:4:40,10
2021-8-7 17:34:40,9.8
2021-8-10 5:4:40,9.8
2021-8-6 16:44:40,9.6
2021-8-11 13:19:40,9.6
2021-8-11 17:9:40,9.6
2021-8-12 11:49:40,9.6
2021-8-14 7:19:40,9.6
2021-8-7 15:9:40,9.4
2021-8-9 15:44:40,9.4
2021-8-10 10:54:40,9.2
2021-8-7 7:44:40,9
2021-8-9 22:49:40,9
2021-8-10 3:9:40,9
2021-8-12 22:59:40,9
2021-8-14 2:4:40,9
2021-8-14 7:39:40,9
2021-8-10 23:24:40,8.8
2021-8-8 15:9:40,8.6
2021-8-9 20:49:40,8.6
2021-8-14 9:49:40,8.6
2021-8-8 21:29:40,8.4
2021-8-9 6:54:40,8.4
2021-8-9 10:39:40,8.4
2021-8-6 20:59:40,8.2
2021-8-8 22:54:40,8.2
2021-8-9 1:59:40,8.2
2021-8-12 6:14:40,8.2
2021-8-7 5:24:40,8
2021-8-8 13:24:40,8
2021-8-9 2:14:40,8
2021-8-9 14:49:40,8
2021-8-14 1:59:40,8
2021-8-14 6:24:40,8
2021-8-9 10:34:40,7.8
2021-8-10 21:59:40,7.8
2021-8-6 20:49:40,7.6
2021-8-7 6:39:40,7.2
2021-8-7 18:14:40,7.2
2021-8-11 9:39:40,7.2
2021-8-7 8:19:40,7
2021-8-8 3:59:40,6.8
2021-8-11 22:24:40,6.8
2021-8-12 3:24:40,6.8
2021-8-13 3:34:40,6.8
2021-8-11 7:14:40,6.6
2021-8-14 6:29:40,6.6
2021-8-8 23:34:40,6.4
2021-8-10 16:54:40,6.4
2021-8-8 20:19:40,6.2
2021-8-10 16:14:40,6.2
2021-8-13 6:29:40,6.2
2021-8-13 7:24:40,6.2
2021-8-9 16:59:40,6
2021-8-12 10:9:40,6
2021-8-7 3:14:40,5.8
2021-8-10 21:49:40,5.8
2021-8-12 20:19:40,5.8
2021-8-7 7:9:40,5.6
2021-8-9 18:24:40,5.6
2021-8-12 5:19:40,5.6
2021-8-10 13:34:40,5.4
2021-8-12 9:19:40,5.4
2021-8-11 15:44:40,5
2021-8-14 9:44:40,5
2021-8-9 8:39:40,4.8
2021-8-10 1:54:40,4.8
2021-8-13 5:39:40,4.8
2021-8-7 24:34:40,4.6
2021-8-8 5:24:40,4.6
2021-8-8 12:29:40,4.6
2021-8-13 18:29:40,4.6
2021-8-8 5:49:40,4.2
2021-8-10 9:49:40,4.2
2021-8-13 2:34:40,4.2
2021-8-8 17:49:40,4
2021-8-8 20:9:40,4
2021-8-10 16:49:40,4
2021-8-11 6:54:40,4
2021-8-13 21:9:40,4
2021-8-14 14:49:40,4
2021-8-13 7:19:40,3.8
2021-8-14 9:24:40,3.8
2021-8-7 5:59:40,3.6
2021-8-13 2:49:40,3.6
2021-8-8 21:44:40,3.4
2021-8-9 12:29:40,3.4
2021-8-12 6:34:40,3.4
2021-8-7 20:9:40,3.2
2021-8-8 20:59:40,3.2
2021-8-9 17:44:40,3.2
2021-8-10 2:39:40,3.2
2021-8-13 17:24:40,3.2
2021-8-13 23:59:40,3.2
2021-8-14 8:39:40,3.2
2021-8-8 6:44:40,3
2021-8-10 2:9:40,3
2021-8-11 24:19:40,3
2021-8-13 5:49:40,3
2021-8-7 1:59:40,2.8
2021-8-8 10:4:40,2.8
2021-8-8 12:14:40,2.8
2021-8-10 3:49:40,2.8
2021-8-13 10:14:40,2.8
2021-8-14 14:14:40,2.8
2021-8-7 23:19:40,2.6
2021-8-9 9:24:40,2.6
2021-8-14 10:19:40,2.6
2021-8-12 24:9:40,2.4
2021-8-8 22:24:40,2.2
2021-8-9 3:4:40,2.2
2021-8-9 4:4:40,2.2
2021-8-10 9:44:40,2.2
2021-8-12 16:9:40,2.2
2021-8-7 5:39:40,2
2021-8-8 5:34:40,2
2021-8-12 15:34:40,2
2021-8-9 11:49:40,1.6
2021-8-8 17:44:40,1.4
2021-8-12 23:19:40,1.4
2021-8-7 10:49:40,1.2
2021-8-12 20:29:40,1.2
2021-8-14 10:49:40,1.2
2021-8-7 12:24:40,1
2021-8-14 5:54:40,1
2021-8-10 5:19:40,0.8
2021-8-12 21:29:40,0.8
2021-8-13 13:19:40,0.8
2021-8-7 15:19:40,0.6
2021-8-12 2:9:40,0.6
2021-8-12 24:19:40,0.6
2021-8-10 5:9:40,0.4
2021-8-9 13:29:40,0.2
2021-8-7 9:29:40,5.55112e-17
2021-8-8 12:44:40,5.55112e-17
2021-8-8 13:49:40,5.55112e-17
2021-8-11 12:9:40,5.55112e-17
2021-8-14 1:49:40,5.55112e-17
2021-8-9 2:39:40,0
2021-8-14 12:59:40,0
2021-8-7 2:29:40,-0.2
2021-8-7 16:59:40,-0.2
2021-8-10 11:49:40,-0.2
2021-8-10 1:39:40,-0.4
2021-8-10 4:59:40,-0.4
2021-8-13 9:39:40,-0.4
2021-8-14 12:4:40,-0.4
2021-8-6 17:19:40,-0.6
2021-8-7 11:4:40,-0.6
2021-8-11 22:59:40,-0.6
2021-8-7 9:54:40,-0.8
2021-8-7 15:44:40,-0.8
2021-8-14 1:39:40,-0.8
2021-8-14 7:4:40,-1
2021-8-9 3:39:40,-1.2
2021-8-14 3:34:40,-1.2
2021-8-11 19:59:40,-1.4
2021-8-7 18:29:40,-1.6
2021-8-7 22:29:40,-1.6
2021-8-8 16:59:40,-1.6
2021-8-9 1:9:40,-1.6
2021-8-11 19:14:40,-1.6
2021-8-12 21:19:40,-1.6
2021-8-7 16:49:40,-1.8
2021-8-11 8:29:40,-1.8
2021-8-11 16:14:40,-1.8
2021-8-14 10:4:40,-1.8
2021-8-10 9:24:40,-2
2021-8-11 22:39:40,-2
2021-8-12 11:34:40,-2
2021-8-12 9:29:40,-2.2
2021-8-13 19:9:40,-2.4
2021-8-14 2:24:40,-2.4
2021-8-11 9:14:40,-2.6
2021-8-13 15:4:40,-2.8
2021-8-14 5:34:40,-2.8
2021-8-9 16:4:40,-3
2021-8-9 21:9:40,-3
2021-8-10 20:19:40,-3
2021-8-12 12:14:40,-3
2021-8-12 20:14:40,-3
2021-8-14 14:54:40,-3
2021-8-9 23:24:40,-3.2
2021-8-10 5:54:40,-3.2
2021-8-12 8:24:40,-3.2
2021-8-13 8:24:40,-3.2
2021-8-7 21:34:40,-3.4
2021-8-6 20:29:40,-3.6
2021-8-8 3:54:40,-3.6
2021-8-8 9:14:40,-3.6
2021-8-12 13:59:40,-3.6
2021-8-7 23:29:40,-3.8
2021-8-11 7:54:40,-3.8
2021-8-11 15:54:40,-3.8
2021-8-12 16:39:40,-3.8
2021-8-13 8:19:40,-3.8
2021-8-7 4:4:40,-4
2021-8-8 16:4:40,-4
2021-8-8 20:14:40,-4
2021-8-8 13:59:40,-4.2
2021-8-8 18:34:40,-4.2
2021-8-10 1:34:40,-4.2
2021-8-14 3:24:40,-4.2
2021-8-7 20:24:40,-4.4
2021-8-10 10:34:40,-4.4
2021-8-6 24:39:40,-4.6
2021-8-9 2:34:40,-4.6
2021-8-11 17:44:40,-4.6
2021-8-12 11:24:40,-4.6
2021-8-9 8:24:40,-4.8
2021-8-10 8:49:40,-4.8
2021-8-11 22:44:40,-4.8
2021-8-14 12:49:40,-4.8
2021-8-9 23:49:40,-5
2021-8-11 5:24:40,-5
2021-8-11 10:4:40,-5
2021-8-11 19:19:40,-5
2021-8-12 3:9:40,-5
2021-8-12 10:24:40,-5
2021-8-10 22:4:40,-5.2
2021-8-10 21:44:40,-5.4
2021-8-8 16:9:40,-5.6
2021-8-12 13:44:40,-5.8
2021-8-7 20:14:40,-6
2021-8-9 15:24:40,-6
2021-8-12 2:39:40,-6
2021-8-12 14:19:40,-6
2021-8-13 8:9:40,-6
2021-8-13 22:49:40,-6
2021-8-13 3:19:40,-6.4
2021-8-6 22:19:40,-6.6
2021-8-10 11:14:40,-6.6
2021-8-13 10:44:40,-6.6
2021-8-14 8:19:40,-6.6
2021-8-14 11:39:40,-6.6
2021-8-12 21:54:40,-6.8
2021-8-10 3:29:40,-7
2021-8-7 21:44:40,-7.2
2021-8-13 6:34:40,-7.2
2021-8-10 12:9:40,-7.4
2021-8-12 21:14:40,-7.4
2021-8-10 14:54:40,-7.6
2021-8-13 8:59:40,-7.6
2021-8-13 15:54:40,-7.6
2021-8-7 13:24:40,-7.8
2021-8-8 22:14:40,-7.8
2021-8-9 14:29:40,-7.8
2021-8-13 16:39:40,-7.8
2021-8-10 16:34:40,-8
2021-8-11 10:14:40,-8
2021-8-7 1:34:40,-8.2
2021-8-8 6:54:40,-8.2
2021-8-12 4:44:40,-8.2
2021-8-8 14:14:40,-8.6
2021-8-9 2:54:40,-8.6
2021-8-9 19:59:40,-8.6
2021-8-11 24:39:40,-8.6
2021-8-12 15:44:40,-8.6
2021-8-9 14:54:40,-9
2021-8-10 19:54:40,-9
2021-8-11 3:24:40,-9
2021-8-10 23:4:40,-9.2
2021-8-11 2:19:40,-9.2
2021-8-11 5:44:40,-9.2
2021-8-13 12:39:40,-9.2
2021-8-13 16:24:40,-9.2
2021-8-13 21:29:40,-9.2
2021-8-9 1:4:40,-9.4
2021-8-9 17:14:40,-9.4
2021-8-11 19:4:40,-9.4
2021-8-11 23:9:40,-9.4
2021-8-12 4:34:40,-9.4
2021-8-7 6:9:40,-9.6
2021-8-11 9:24:40,-9.6
2021-8-13 13:4:40,-9.6
2021-8-8 5:54:40,-9.8
2021-8-11 8:49:40,-9.8
2021-8-11 12:39:40,-9.8
2021-8-7 16:54:40,-10
2021-8-7 23:24:40,-10
2021-8-13 22:54:40,-10
2021-8-14 2:59:40,-10
2021-8-10 23:29:40,-10.4
2021-8-6 21:39:40,-10.6
2021-8-8 22:19:40,-10.6
2021-8-11 11:4:40,-10.6
2021-8-13 10:34:40,-10.6
2021-8-13 20:59:40,-10.8
2021-8-14 9:59:40,-10.8
2021-8-8 1:29:40,-11
2021-8-8 19:54:40,-11
2021-8-9 22:4:40,-11
2021-8-14 8:34:40,-11
2021-8-12 23:59:40,-11.2
2021-8-7 10:4:40,-11.4
2021-8-8 16:54:40,-11.4
2021-8-10 4:34:40,-11.4
2021-8-11 5:14:40,-11.4
2021-8-8 14:54:40,-11.6
2021-8-12 2:34:40,-11.6
2021-8-13 21:19:40,-11.6
2021-8-8 20:34:40,-11.8
2021-8-8 21:59:40,-11.8
2021-8-12 1:39:40,-11.8
2021-8-12 10:44:40,-11.8
2021-8-7 19:54:40,-12
2021-8-7 21:19:40,-12
2021-8-8 3:34:40,-12
2021-8-11 10:59:40,-12
2021-8-12 16:49:40,-12
2021-8-12 17:29:40,-12
2021-8-7 17:44:40,-12.2
2021-8-12 7:54:40,-12.2
2021-8-7 17:19:40,-12.4
2021-8-10 20:54:40,-12.4
2021-8-8 19:59:40,-12.6
2021-8-9 8:49:40,-12.6
2021-8-11 13:14:40,-12.6
2021-8-11 23:29:40,-12.6
2021-8-11 23:49:40,-12.6
2021-8-12 15:24:40,-12.6
2021-8-13 20:54:40,-12.6
2021-8-6 24:54:40,-12.8
2021-8-7 16:39:40,-12.8
2021-8-8 5:9:40,-12.8
2021-8-11 8:19:40,-12.8
2021-8-11 14:14:40,-13
2021-8-11 18:19:40,-13
2021-8-11 21:34:40,-13
2021-8-14 9:9:40,-13
2021-8-9 20:34:40,-13.2
2021-8-10 12:24:40,-13.2
2021-8-9 3:19:40,-13.4
2021-8-11 11:14:40,-13.4
2021-8-12 11:9:40,-13.4
2021-8-13 22:44:40,-13.4
2021-8-7 21:29:40,-13.6
2021-8-7 24:24:40,-13.6
2021-8-12 9:49:40,-13.6
2021-8-14 15:14:40,-13.6
2021-8-6 20:34:40,-14
2021-8-8 17:54:40,-14
2021-8-9 11:4:40,-14
2021-8-9 12:59:40,-14
2021-8-9 20:54:40,-14
2021-8-10 9:34:40,-14
2021-8-13 14:59:40,-14
2021-8-13 15:14:40,-14
2021-8-14 11:14:40,-14
2021-8-7 14:29:40,-14.4
2021-8-13 22:4:40,-14.4
2021-8-14 7:54:40,-14.4
2021-8-8 15:49:40,-14.6
2021-8-11 23:4:40,-14.6
2021-8-12 14:34:40,-14.6
2021-8-8 12:49:40,-14.8
2021-8-9 5:19:40,-14.8
2021-8-12 16:59:40,-14.8
2021-8-13 22:34:40,-14.8
2021-8-10 17:9:40,-15
2021-8-12 3:39:40,-15
2021-8-12 19:49:40,-15
2021-8-7 5:19:40,-15.2
2021-8-8 9:29:40,-15.2
2021-8-11 23:59:40,-15.2
2021-8-8 19:24:40,-15.4
2021-8-10 13:9:40,-15.4
2021-8-12 18:19:40,-15.4
2021-8-9 4:34:40,-15.6
2021-8-11 21:44:40,-15.6
2021-8-12 13:34:40,-15.6
2021-8-9 7:14:40,-15.8
2021-8-11 5:29:40,-15.8
2021-8-12 7:29:40,-15.8
2021-8-9 21:4:40,-16
2021-8-9 22:59:40,-16
2021-8-10 21:19:40,-16
2021-8-12 4:29:40,-16
2021-8-14 6:34:40,-16
2021-8-14 10:54:40,-16
2021-8-6 23:49:40,-16.2
2021-8-7 3:29:40,-16.2
2021-8-10 16:39:40,-16.2
2021-8-7 11:14:40,-16.4
2021-8-7 15:34:40,-16.4
2021-8-7 18:19:40,-16.4
2021-8-8 2:44:40,-16.4
2021-8-9 3:44:40,-16.4
2021-8-9 11:14:40,-16.4
2021-8-12 9:24:40,-16.4
2021-8-6 21:44:40,-16.6
2021-8-7 22:14:40,-16.6
2021-8-14 13:24:40,-16.8
2021-8-6 19:19:40,-17
2021-8-8 24:14:40,-17
2021-8-10 21:54:40,-17
2021-8-11 16:9:40,-17
2021-8-13 3:4:40,-17
2021-8-13 8:34:40,-17
2021-8-14 13:59:40,-17
2021-8-9 22:44:40,-17.2
2021-8-11 24:34:40,-17.2
2021-8-8 2:4:40,-17.4
2021-8-8 6:19:40,-17.4
2021-8-8 17:39:40,-17.4
2021-8-11 15:9:40,-17.4
2021-8-13 4:4:40,-17.4
2021-8-13 19:44:40,-17.4
2021-8-10 24:39:40,-17.6
2021-8-11 16:39:40,-17.6
2021-8-12 12:34:40,-17.6
2021-8-6 24:49:40,-17.8
2021-8-6 17:44:40,-18
2021-8-7 19:24:40,-18
2021-8-11 3:44:40,-18
2021-8-14 4:44:40,-18
2021-8-6 22:49:40,-18.2
2021-8-12 21:49:40,-18.2
2021-8-13 9:14:40,-18.4
2021-8-6 21:24:40,-18.6
2021-8-9 9:59:40,-18.6
2021-8-13 11:19:40,-18.8
2021-8-6 21:9:40,-19
2021-8-8 7:9:40,-19
2021-8-10 2:29:40,-19
2021-8-14 3:29:40,-19
2021-8-6 23:19:40,-19.2
2021-8-7 7:14:40,-19.2
2021-8-10 4:49:40,-19.2
2021-8-11 8:59:40,-19.2
2021-8-8 3:24:40,-19.4
2021-8-14 11:49:40,-19.4
2021-8-8 4:19:40,-19.6
2021-8-10 24:24:40,-19.6
2021-8-8 21:4:40,-19.8
2021-8-8 23:49:40,-19.8
2021-8-10 12:29:40,-19.8
2021-8-13 21:49:40,-19.8
2021-8-6 18:59:40,-20
2021-8-7 5:44:40,-20
2021-8-7 9:39:40,-20
2021-8-8 2:19:40,-20
2021-8-8 15:34:40,-20
2021-8-8 23:24:40,-20
2021-8-8 23:54:40,-20
2021-8-10 5:49:40,-20
2021-8-10 12:4:40,-20
2021-8-12 11:54:40,-20
2021-8-12 14:29:40,-20
2021-8-13 7:59:40,-20
2021-8-9 12:24:40,-20.2
2021-8-7 21:4:40,-20.4
2021-8-10 13:24:40,-20.6
2021-8-8 7:34:40,-20.8
2021-8-9 17:4:40,-20.8
2021-8-12 7:4:40,-20.8
2021-8-13 7:29:40,-20.8
2021-8-14 1:44:40,-20.8
2021-8-14 4:14:40,-20.8
2021-8-7 9:24:40,-21
2021-8-7 17:59:40,-21
2021-8-9 3:54:40,-21
2021-8-9 13:49:40,-21
2021-8-11 22:19:40,-21
2021-8-13 14:44:40,-21
2021-8-13 23:44:40,-21
2021-8-10 1:29:40,-21.2
2021-8-9 24:9:40,-21.4
2021-8-6 23:9:40,-21.6
2021-8-9 4:14:40,-21.6
2021-8-11 15:59:40,-21.6
2021-8-10 2:4:40,-21.8
2021-8-10 10:4:40,-21.8
2021-8-8 5:4:40,-22
2021-8-8 13:44:40,-22
2021-8-10 3:34:40,-22
2021-8-11 5:54:40,-22
2021-8-11 6:39:40,-22
2021-8-12 4:59:40,-22.2
2021-8-7 16:44:40,-22.4
2021-8-7 23:34:40,-22.4
2021-8-10 16:4:40,-22.4
2021-8-12 18:44:40,-22.4
2021-8-10 2:14:40,-22.6
2021-8-10 7:34:40,-22.6
2021-8-10 16:9:40,-22.6
2021-8-12 2:49:40,-22.6
2021-8-13 4:9:40,-22.6
2021-8-9 16:49:40,-22.8
2021-8-13 13:49:40,-22.8
2021-8-7 21:54:40,-23
2021-8-7 23:44:40,-23
2021-8-9 4:54:40,-23
2021-8-9 16:9:40,-23
2021-8-10 24:44:40,-23
2021-8-14 3:4:40,-23
2021-8-14 3:54:40,-23
2021-8-6 23:14:40,-23.2
2021-8-7 1:14:40,-23.2
2021-8-13 8:4:40,-23.2
2021-8-7 5:14:40,-23.4
2021-8-9 15:4:40,-23.4
2021-8-14 4:39:40,-23.4
2021-8-6 15:59:40,-23.6
2021-8-10 1:19:40,-23.6
2021-8-12 9:54:40,-23.6
2021-8-12 12:44:40,-23.6
2021-8-10 4:39:40,-23.8
2021-8-8 24:19:40,-24
2021-8-11 13:59:40,-24
2021-8-11 18:39:40,-24
2021-8-12 10:59:40,-24
2021-8-12 22:9:40,-24
2021-8-8 19:14:40,-24.2
2021-8-11 1:49:40,-24.2
2021-8-7 19:34:40,-24.4
2021-8-13 23:14:40,-24.4
2021-8-14 2:19:40,-24.4
2021-8-7 22:4:40,-24.6
2021-8-6 23:29:40,-24.8
2021-8-13 5:59:40,-24.8
2021-8-11 2:34:40,-25
2021-8-11 16:44:40,-25
2021-8-12 4:39:40,-25
